{"cameraMode":{"drawMode":0,"name":"Shaded","section":"Shading Mode"},"sceneLighting":true,"audioPlay":false,"sceneViewState":{"showFog":true,"showMaterialUpdate":false,"showSkybox":true,"showFlares":true,"showImageEffects":true,"showParticleSystems":true},"in2DMode":false,"pivot":{"x":0.6204372644424439,"y":18.480283737182618,"z":-18.373600006103517},"rotation":{"x":0.5950213670730591,"y":-0.0839778482913971,"z":0.06270786374807358,"w":0.7968474626541138},"size":16.237178802490236,"orthographic":false}